Method,Accuracy,Precision,Recall,F1
XGBoost,0.9355089355089355,0.9352480359261774,0.9355089355089355,0.9353418467776401
