Dataset,R²,MSE,RMSE,MAE
Train,0.1590192030403873,282933548468.15985,531914.9823685735,442120.0170528068
Validation,0.13423408811059656,269422290351.02628,519059.04322247027,424976.0032296278
Test,0.14715945736689806,274746473713.96378,524162.64051720034,431628.26374286594
